section,name,diet,price,desc,ingredients,spicy,popular,img,status
starters,Paneer Tikka,veg,220,Grilled cottage cheese cubes marinated in Indian spices and yogurt,Paneer (Cottage Cheese) | Yogurt | Bell Peppers | Onions | Ginger-Garlic Paste | Red Chili Powder | Turmeric | Garam Masala | Lemon Juice,,yes,https://images.unsplash.com/photo-1567188040759-fb8a883dc6d8?w=400&h=300&fit=crop,active
starters,Chicken Wings,non-veg,280,Crispy fried wings tossed in spicy buffalo sauce,Chicken Wings | All-Purpose Flour | Buffalo Hot Sauce | Butter | Garlic Powder | Paprika | Salt & Pepper | Vegetable Oil,yes,,https://images.unsplash.com/photo-1608039755401-742074f0548d?w=400&h=300&fit=crop,active
starters,Spring Rolls,veg,180,Crispy rolls stuffed with mixed vegetables and glass noodles,Spring Roll Wrappers | Cabbage | Carrots | Glass Noodles | Bean Sprouts | Soy Sauce | Sesame Oil | Ginger,,,https://images.unsplash.com/photo-1544025162-d76694265947?w=400&h=300&fit=crop,active
starters,Honey Chilli Potato,veg,210,Crispy potato fingers tossed in sweet-spicy honey chili glaze,Potatoes | Corn Flour | Honey | Red Chili Sauce | Soy Sauce | Garlic | Sesame Seeds,yes,,https://images.unsplash.com/photo-1573080496219-bb080dd4f877?w=400&h=300&fit=crop,active
starters,Chicken Lollipop,non-veg,320,Crunchy fried chicken lollipops served with schezwan dip,Chicken Wings | Ginger-Garlic Paste | Soy Sauce | Corn Flour | Red Chili Paste | Black Pepper,yes,,https://images.unsplash.com/photo-1527477396000-e27163b481c2?w=400&h=300&fit=crop,active
main-course,Butter Chicken,non-veg,350,"Tender chicken in rich, creamy tomato-based gravy with butter",Chicken Breast | Tomato Puree | Heavy Cream | Butter | Kashmiri Red Chili | Ginger-Garlic Paste | Garam Masala | Fenugreek Leaves | Honey,,yes,https://images.unsplash.com/photo-1603894584373-5ac82b2ae398?w=400&h=300&fit=crop,active
main-course,Dal Makhani,veg,260,Slow-cooked black lentils in creamy tomato gravy with spices,Black Lentils (Urad Dal) | Kidney Beans | Tomatoes | Cream | Butter | Ginger-Garlic Paste | Cumin Seeds | Red Chili Powder,,,https://images.unsplash.com/photo-1546833999-b9f581a1996d?w=400&h=300&fit=crop,active
main-course,Paneer Lababdar,veg,320,Soft paneer cubes in creamy onion-tomato gravy and spices,Paneer | Onions | Tomato Puree | Cream | Kasuri Methi | Garam Masala,,,https://images.unsplash.com/photo-1631452180519-c014fe946bc7?w=400&h=300&fit=crop,active
main-course,Fish Curry,non-veg,390,Coastal style fish simmered in tangy coconut-spice gravy,Fresh Fish Fillet | Coconut Milk | Tamarind | Curry Leaves | Mustard Seeds | Red Chili,,,https://images.unsplash.com/photo-1625944230945-1b7dd3b949ab?w=400&h=300&fit=crop,active
pizza,Margherita,veg,299,"Classic pizza with fresh mozzarella, tomato sauce and basil",Pizza Dough | San Marzano Tomatoes | Fresh Mozzarella | Fresh Basil | Olive Oil | Garlic | Salt | Oregano,,yes,https://images.unsplash.com/photo-1574071318508-1cdbab80d002?w=400&h=300&fit=crop,active
pizza,Pepperoni,non-veg,399,"Loaded with spicy pepperoni slices, mozzarella and tomato sauce",Pizza Dough | Pepperoni Slices | Mozzarella Cheese | Tomato Sauce | Olive Oil | Italian Herbs | Red Pepper Flakes,yes,,https://images.unsplash.com/photo-1628840042765-356cda07504e?w=400&h=300&fit=crop,active
pizza,Farmhouse Pizza,veg,369,"Loaded with onions, capsicum, mushrooms and sweet corn",Pizza Base | Mozzarella Cheese | Capsicum | Onions | Mushrooms | Sweet Corn,,,https://images.unsplash.com/photo-1513104890138-7c749659a591?w=400&h=300&fit=crop,active
pizza,Chicken Tikka Pizza,non-veg,449,Indian style pizza topped with smoky chicken tikka pieces,Pizza Dough | Chicken Tikka | Mozzarella | Onions | Bell Peppers | Tandoori Sauce,yes,,https://images.unsplash.com/photo-1594007654729-407eedc4be65?w=400&h=300&fit=crop,active
burgers,Classic Cheeseburger,non-veg,320,"Juicy beef patty with cheddar cheese, lettuce, tomato and special sauce",Beef Patty | Cheddar Cheese | Brioche Bun | Lettuce | Tomato | Onions | Pickles | Special Sauce,,,https://images.unsplash.com/photo-1568901346375-23c9450c58cd?w=400&h=300&fit=crop,active
burgers,Veggie Burger,veg,240,Crispy vegetable patty with fresh greens and tangy mayo,Mixed Vegetable Patty | Whole Wheat Bun | Lettuce | Tomato | Onion Rings | Cheese Slice | Tangy Mayo | Mustard,,,https://images.unsplash.com/photo-1520072959219-c595dc870360?w=400&h=300&fit=crop,active
burgers,Grilled Chicken Burger,non-veg,340,Flame grilled chicken patty with lettuce and peri-peri mayo,Chicken Patty | Burger Bun | Lettuce | Onions | Cheese Slice | Peri-Peri Mayo,,,https://images.unsplash.com/photo-1606755962773-d324e0a13086?w=400&h=300&fit=crop,active
burgers,Double Cheese Burger,veg,290,A rich cheesy burger layered with two patties and sauces,Veg Patties | Cheddar Cheese | Sesame Bun | Lettuce | Pickled Onions | Burger Sauce,,,https://images.unsplash.com/photo-1550547660-d9450f859349?w=400&h=300&fit=crop,active
pasta,Alfredo Pasta,veg,280,Creamy white sauce pasta with parmesan and garlic bread,Fettuccine Pasta | Heavy Cream | Parmesan Cheese | Butter | Garlic | Black Pepper | Parsley | Nutmeg,,yes,https://images.unsplash.com/photo-1645112411341-6c4fd023714a?w=400&h=300&fit=crop,active
pasta,Arrabbiata,veg,260,Spicy tomato sauce pasta with chili flakes and fresh herbs,Penne Pasta | Crushed Tomatoes | Red Chili Flakes | Garlic | Olive Oil | Fresh Basil | Parmesan | Salt,yes,,https://images.unsplash.com/photo-1563379926898-05f4575a45d8?w=400&h=300&fit=crop,active
pasta,Pesto Pasta,veg,320,Fresh basil pesto pasta with parmesan and cherry tomatoes,Penne Pasta | Fresh Basil | Pine Nuts | Parmesan | Garlic | Olive Oil,,,https://images.unsplash.com/photo-1473093295043-cdd812d0e601?w=400&h=300&fit=crop,active
pasta,Chicken Penne Pasta,non-veg,360,Creamy penne tossed with grilled chicken and herbs,Penne Pasta | Chicken Strips | Cream | Parmesan | Garlic | Italian Herbs,,,https://images.unsplash.com/photo-1621996346565-e3dbc646d9a9?w=400&h=300&fit=crop,active
drinks,Mango Lassi,veg,120,Refreshing yogurt-based drink blended with sweet mango pulp,Fresh Yogurt | Mango Pulp | Sugar | Cardamom | Ice | Milk,,yes,https://images.unsplash.com/photo-1527661591475-527312dd65f5?w=400&h=300&fit=crop,active
drinks,Cold Coffee,veg,150,Chilled creamy coffee blended with ice cream and chocolate,Espresso Coffee | Milk | Vanilla Ice Cream | Chocolate Syrup | Sugar | Ice | Whipped Cream,,,https://images.unsplash.com/photo-1461023058943-07fcbe16d735?w=400&h=300&fit=crop,active
drinks,Virgin Mojito,veg,130,Fresh mint and lime cooler with soda for a zesty refreshment,Fresh Mint | Lime | Sugar Syrup | Soda Water | Ice Cubes,,,https://images.unsplash.com/photo-1551538827-9c037cb4f32a?w=400&h=300&fit=crop,active
drinks,Chocolate Milkshake,veg,180,Thick chocolate shake topped with whipped cream and choco chips,Milk | Chocolate Ice Cream | Cocoa Powder | Chocolate Syrup | Whipped Cream,,,https://images.unsplash.com/photo-1577805947697-89e18249d767?w=400&h=300&fit=crop,active
desserts,Gulab Jamun,veg,100,Soft milk-solid dumplings soaked in rose-flavored sugar syrup,Khoya (Milk Solids) | All-Purpose Flour | Baking Soda | Sugar | Rose Water | Cardamom | Saffron | Ghee,,,https://images.unsplash.com/photo-1627308595229-7830a5c91f9f?w=400&h=300&fit=crop,active
desserts,Chocolate Brownie,veg,180,Warm fudgy brownie served with vanilla ice cream and chocolate sauce,Dark Chocolate | Butter | Sugar | Eggs | All-Purpose Flour | Cocoa Powder | Vanilla Extract | Walnuts,,,https://images.unsplash.com/photo-1606313564200-e75d5e30476c?w=400&h=300&fit=crop,active
desserts,Blueberry Cheesecake,veg,240,Creamy baked cheesecake with blueberry compote topping,Cream Cheese | Digestive Biscuit Base | Fresh Cream | Blueberry Sauce | Vanilla,,,https://images.unsplash.com/photo-1533134242443-d4fd215305ad?w=400&h=300&fit=crop,active
desserts,Ice Cream Sundae,veg,220,"Three scoop sundae with nuts, chocolate sauce and wafer",Vanilla Ice Cream | Chocolate Ice Cream | Strawberry Ice Cream | Chocolate Sauce | Roasted Nuts,,,https://images.unsplash.com/photo-1563805042-7684c019e1cb?w=400&h=300&fit=crop,active
starters,Crispy Corn,veg,190,Golden fried corn kernels tossed with peppers and spring onion,Sweet Corn | Bell Peppers | Spring Onion | Pepper,,,https://images.unsplash.com/photo-1567188040759-fb8a883dc6d8?w=400&h=300&fit=crop,active
starters,Hara Bhara Kebab,veg,200,Spinach and green-pea patties with a soft paneer centre,Spinach | Green Peas | Paneer | Potato | Spices,,,https://images.unsplash.com/photo-1603894584373-5ac82b2ae398?w=400&h=300&fit=crop,active
starters,Veg Manchurian Dry,veg,210,Vegetable dumplings wok-tossed in garlic-soy glaze,Mixed Vegetables | Garlic | Soy Sauce | Spring Onion,yes,,https://images.unsplash.com/photo-1631452180519-c014fe946bc7?w=400&h=300&fit=crop,active
starters,Chilli Paneer Dry,veg,240,Crisp paneer cubes in a fiery chilli-garlic toss,Paneer | Capsicum | Onion | Chilli Sauce,yes,yes,https://images.unsplash.com/photo-1565299624946-b28f40a0ae38?w=400&h=300&fit=crop,active
starters,Mushroom Duplex,veg,230,"Stuffed button mushrooms, crumbed and fried",Mushrooms | Cheese | Corn | Breadcrumbs,,,https://images.unsplash.com/photo-1551183053-bf91a1d81141?w=400&h=300&fit=crop,active
starters,Cheese Corn Balls,veg,220,Molten cheese and corn croquettes,Cheese | Sweet Corn | Potato | Breadcrumbs,,,https://images.unsplash.com/photo-1546039907-7fa05f864c02?w=400&h=300&fit=crop,active
starters,Peri Peri Fries,veg,160,Crispy fries dusted in peri-peri spice,Potato | Peri Peri Spice | Herbs,yes,,https://images.unsplash.com/photo-1527477396000-e27163b481c2?w=400&h=300&fit=crop,active
starters,Nachos Supreme,veg,250,"Loaded nachos with cheese sauce, salsa and jalapeños",Nachos | Cheese Sauce | Salsa | Jalapeños | Olives,yes,,https://images.unsplash.com/photo-1552566626-52f8b828add9?w=400&h=300&fit=crop,active
starters,Onion Rings,veg,150,Beer-battered onion rings with ranch dip,Onion | Batter | Ranch Dip,,,https://images.unsplash.com/photo-1414235077428-338989a2e8c0?w=400&h=300&fit=crop,active
starters,Stuffed Jalapeño Poppers,veg,240,"Cream-cheese jalapeños, crumbed and fried",Jalapeños | Cream Cheese | Breadcrumbs,yes,,https://images.unsplash.com/photo-1517248135467-4c7edcad34c4?w=400&h=300&fit=crop,active
starters,Garlic Bread Supreme,veg,180,Wood-fired garlic bread with cheese and herbs,Bread | Garlic Butter | Mozzarella | Oregano,,,https://images.unsplash.com/photo-1577219491135-ce391730fb2c?w=400&h=300&fit=crop,active
starters,Paneer 65,veg,250,South-style spicy fried paneer with curry leaves,Paneer | Curry Leaves | Yogurt | Red Chilli,yes,,https://images.unsplash.com/photo-1519671482749-fd09be7ccebf?w=400&h=300&fit=crop,active
starters,Aloo Tikki Chaat,veg,170,"Crisp potato patties with yogurt, chutneys and sev",Potato | Yogurt | Tamarind Chutney | Sev,,,https://images.unsplash.com/photo-1530103862676-de8c9debad1d?w=400&h=300&fit=crop,active
starters,Dahi Ke Kebab,veg,230,"Hung-curd kebabs, crisp outside and molten inside",Hung Curd | Onion | Cashew | Spices,,,https://images.unsplash.com/photo-1464366400600-7168b8af9bc3?w=400&h=300&fit=crop,active
starters,Corn Salt & Pepper,veg,200,"Crispy corn with burnt garlic, salt and cracked pepper",Sweet Corn | Garlic | Pepper | Spring Onion,,,https://images.unsplash.com/photo-1567188040759-fb8a883dc6d8?w=400&h=300&fit=crop,active
starters,Chicken 65,non-veg,290,Fiery South-style fried chicken with curry leaves,Chicken | Curry Leaves | Yogurt | Red Chilli,yes,,https://images.unsplash.com/photo-1603894584373-5ac82b2ae398?w=400&h=300&fit=crop,active
starters,Chilli Chicken Dry,non-veg,300,Crisp chicken tossed with peppers in chilli-garlic sauce,Chicken | Capsicum | Onion | Chilli Sauce,yes,yes,https://images.unsplash.com/photo-1631452180519-c014fe946bc7?w=400&h=300&fit=crop,active
starters,Drums of Heaven,non-veg,330,"Glazed chicken drumettes, wok-tossed and sesame-flecked",Chicken Wings | Soy Glaze | Sesame | Garlic,yes,,https://images.unsplash.com/photo-1565299624946-b28f40a0ae38?w=400&h=300&fit=crop,active
starters,Fish Fingers,non-veg,340,Golden fried fish strips with tartar sauce,Fish | Breadcrumbs | Tartar Sauce | Lemon,,,https://images.unsplash.com/photo-1551183053-bf91a1d81141?w=400&h=300&fit=crop,active
starters,Fish Amritsari,non-veg,360,"Ajwain-spiced battered fish, Amritsar style",Fish | Gram Flour | Ajwain | Chaat Masala,yes,,https://images.unsplash.com/photo-1546039907-7fa05f864c02?w=400&h=300&fit=crop,active
starters,Chicken Popcorn,non-veg,260,Bite-size crispy fried chicken,Chicken | Flour | Spices,,,https://images.unsplash.com/photo-1527477396000-e27163b481c2?w=400&h=300&fit=crop,active
starters,Garlic Butter Prawns,non-veg,420,Prawns pan-seared in garlic butter,Prawns | Garlic | Butter | Parsley,,,https://images.unsplash.com/photo-1552566626-52f8b828add9?w=400&h=300&fit=crop,active
starters,Mutton Seekh Roll Bites,non-veg,380,"Minced mutton seekh, sliced and seared",Mutton Mince | Onion | Ginger | Garam Masala,yes,,https://images.unsplash.com/photo-1414235077428-338989a2e8c0?w=400&h=300&fit=crop,active
starters,Egg Pakora,non-veg,150,Boiled-egg fritters in spiced gram-flour batter,Egg | Gram Flour | Chilli | Onion,yes,,https://images.unsplash.com/photo-1517248135467-4c7edcad34c4?w=400&h=300&fit=crop,active
starters,Chicken Spring Rolls,non-veg,220,Crispy rolls stuffed with chicken and glass noodles,Chicken | Noodles | Cabbage | Spring Onion,,,https://images.unsplash.com/photo-1577219491135-ce391730fb2c?w=400&h=300&fit=crop,active
soups,Tomato Basil Soup,veg,140,Slow-roasted tomato soup with fresh basil,Tomato | Basil | Cream | Garlic,,,https://images.unsplash.com/photo-1519671482749-fd09be7ccebf?w=400&h=300&fit=crop,active
soups,Sweet Corn Veg Soup,veg,140,Classic creamy sweet-corn broth,Sweet Corn | Vegetables | Pepper,,,https://images.unsplash.com/photo-1530103862676-de8c9debad1d?w=400&h=300&fit=crop,active
soups,Hot & Sour Veg Soup,veg,150,"Tangy, peppery vegetable broth",Vegetables | Soy | Vinegar | Pepper,yes,,https://images.unsplash.com/photo-1464366400600-7168b8af9bc3?w=400&h=300&fit=crop,active
soups,Manchow Veg Soup,veg,150,Dark garlicky soup topped with fried noodles,Vegetables | Garlic | Soy | Fried Noodles,yes,,https://images.unsplash.com/photo-1567188040759-fb8a883dc6d8?w=400&h=300&fit=crop,active
soups,Cream of Mushroom,veg,160,Silky mushroom velouté,Mushroom | Cream | Butter | Thyme,,,https://images.unsplash.com/photo-1603894584373-5ac82b2ae398?w=400&h=300&fit=crop,active
soups,Lemon Coriander Soup,veg,140,"Light, zesty clear soup",Lemon | Coriander | Vegetable Broth,,,https://images.unsplash.com/photo-1631452180519-c014fe946bc7?w=400&h=300&fit=crop,active
soups,Minestrone,veg,160,Italian vegetable and pasta soup,Vegetables | Pasta | Tomato | Herbs,,,https://images.unsplash.com/photo-1565299624946-b28f40a0ae38?w=400&h=300&fit=crop,active
soups,Hot & Sour Chicken Soup,non-veg,170,"Tangy, peppery chicken broth",Chicken | Soy | Vinegar | Pepper,yes,,https://images.unsplash.com/photo-1551183053-bf91a1d81141?w=400&h=300&fit=crop,active
soups,Sweet Corn Chicken Soup,non-veg,170,Creamy corn broth with shredded chicken,Chicken | Sweet Corn | Egg White,,,https://images.unsplash.com/photo-1546039907-7fa05f864c02?w=400&h=300&fit=crop,active
soups,Manchow Chicken Soup,non-veg,180,Garlicky chicken soup with fried noodles,Chicken | Garlic | Soy | Fried Noodles,yes,,https://images.unsplash.com/photo-1527477396000-e27163b481c2?w=400&h=300&fit=crop,active
soups,Chicken Clear Soup,non-veg,160,Light ginger-scented chicken broth,Chicken | Ginger | Spring Onion,,,https://images.unsplash.com/photo-1552566626-52f8b828add9?w=400&h=300&fit=crop,active
soups,Murgh Shorba,non-veg,180,Spiced Indian chicken soup,Chicken | Onion | Tomato | Garam Masala,,,https://images.unsplash.com/photo-1414235077428-338989a2e8c0?w=400&h=300&fit=crop,active
salads,Green Garden Salad,veg,150,Crisp seasonal greens with lemon vinaigrette,Lettuce | Cucumber | Tomato | Lemon Dressing,,,https://images.unsplash.com/photo-1517248135467-4c7edcad34c4?w=400&h=300&fit=crop,active
salads,Greek Salad,veg,220,"Feta, olives, cucumber and oregano",Feta | Olives | Cucumber | Tomato | Oregano,,,https://images.unsplash.com/photo-1577219491135-ce391730fb2c?w=400&h=300&fit=crop,active
salads,Caesar Salad Veg,veg,230,"Romaine, parmesan and croutons in Caesar dressing",Romaine | Parmesan | Croutons | Caesar Dressing,,,https://images.unsplash.com/photo-1519671482749-fd09be7ccebf?w=400&h=300&fit=crop,active
salads,Corn & Bean Salad,veg,180,"Sweet corn, kidney beans and peppers",Sweet Corn | Kidney Beans | Peppers | Lime,,,https://images.unsplash.com/photo-1530103862676-de8c9debad1d?w=400&h=300&fit=crop,active
salads,Kachumber,veg,120,Indian chopped salad with lime and chaat masala,Cucumber | Onion | Tomato | Lime | Chaat Masala,,,https://images.unsplash.com/photo-1464366400600-7168b8af9bc3?w=400&h=300&fit=crop,active
salads,Fruit Chaat,veg,160,Seasonal fruit tossed with chaat spice,Seasonal Fruit | Chaat Masala | Lime,,,https://images.unsplash.com/photo-1567188040759-fb8a883dc6d8?w=400&h=300&fit=crop,active
salads,Pasta Salad,veg,200,Cold penne with veggies in herb mayo,Penne | Vegetables | Herb Mayo,,,https://images.unsplash.com/photo-1603894584373-5ac82b2ae398?w=400&h=300&fit=crop,active
salads,Caesar Salad Chicken,non-veg,280,Classic Caesar with grilled chicken,Chicken | Romaine | Parmesan | Croutons,,,https://images.unsplash.com/photo-1631452180519-c014fe946bc7?w=400&h=300&fit=crop,active
salads,Grilled Chicken Salad,non-veg,290,Char-grilled chicken over greens,Chicken | Greens | Cherry Tomato | Vinaigrette,,,https://images.unsplash.com/photo-1565299624946-b28f40a0ae38?w=400&h=300&fit=crop,active
salads,Egg Salad,non-veg,190,"Boiled eggs, greens and mustard mayo",Egg | Lettuce | Mustard Mayo,,,https://images.unsplash.com/photo-1551183053-bf91a1d81141?w=400&h=300&fit=crop,active
tandoor-kebabs,Tandoori Chicken (Half),non-veg,340,Classic char-grilled half chicken,Chicken | Yogurt | Red Chilli | Garam Masala,yes,yes,https://images.unsplash.com/photo-1546039907-7fa05f864c02?w=400&h=300&fit=crop,active
tandoor-kebabs,Tandoori Chicken (Full),non-veg,590,Whole tandoori chicken off the coals,Chicken | Yogurt | Red Chilli | Garam Masala,yes,,https://images.unsplash.com/photo-1527477396000-e27163b481c2?w=400&h=300&fit=crop,active
tandoor-kebabs,Chicken Tikka,non-veg,320,Smoky boneless chicken tikka,Chicken | Yogurt | Kashmiri Chilli | Lemon,yes,,https://images.unsplash.com/photo-1552566626-52f8b828add9?w=400&h=300&fit=crop,active
tandoor-kebabs,Malai Chicken Tikka,non-veg,340,"Creamy, mild cheese-marinated tikka",Chicken | Cream | Cheese | Cardamom,,,https://images.unsplash.com/photo-1414235077428-338989a2e8c0?w=400&h=300&fit=crop,active
tandoor-kebabs,Chicken Seekh Kebab,non-veg,330,Minced chicken kebabs off the skewer,Chicken Mince | Onion | Coriander | Spices,yes,,https://images.unsplash.com/photo-1517248135467-4c7edcad34c4?w=400&h=300&fit=crop,active
tandoor-kebabs,Mutton Seekh Kebab,non-veg,420,Juicy minced mutton skewers,Mutton Mince | Onion | Ginger | Garam Masala,yes,,https://images.unsplash.com/photo-1577219491135-ce391730fb2c?w=400&h=300&fit=crop,active
tandoor-kebabs,Tangdi Kebab,non-veg,360,"Marinated chicken drumsticks, char-finished",Chicken Drumsticks | Yogurt | Spices,yes,,https://images.unsplash.com/photo-1519671482749-fd09be7ccebf?w=400&h=300&fit=crop,active
tandoor-kebabs,Fish Tikka,non-veg,390,Riverside-style spiced fish tikka,Fish | Yogurt | Carom | Mustard Oil,yes,,https://images.unsplash.com/photo-1530103862676-de8c9debad1d?w=400&h=300&fit=crop,active
tandoor-kebabs,Tandoori Prawns,non-veg,460,Jumbo prawns kissed by the tandoor,Prawns | Yogurt | Chilli | Lime,yes,,https://images.unsplash.com/photo-1464366400600-7168b8af9bc3?w=400&h=300&fit=crop,active
tandoor-kebabs,Paneer Tikka Shashlik,veg,290,Paneer skewers with charred peppers and pineapple,Paneer | Peppers | Pineapple | Onion,,,https://images.unsplash.com/photo-1567188040759-fb8a883dc6d8?w=400&h=300&fit=crop,active
tandoor-kebabs,Malai Paneer Tikka,veg,290,Creamy cardamom-scented paneer tikka,Paneer | Cream | Cheese | Cardamom,,,https://images.unsplash.com/photo-1603894584373-5ac82b2ae398?w=400&h=300&fit=crop,active
tandoor-kebabs,Tandoori Mushroom,veg,260,Whole mushrooms in smoky tandoori masala,Mushroom | Yogurt | Tandoori Masala,yes,,https://images.unsplash.com/photo-1631452180519-c014fe946bc7?w=400&h=300&fit=crop,active
tandoor-kebabs,Tandoori Broccoli,veg,270,Char-grilled broccoli in malai marinade,Broccoli | Cream | Cheese | Pepper,,,https://images.unsplash.com/photo-1565299624946-b28f40a0ae38?w=400&h=300&fit=crop,active
tandoor-kebabs,Soya Chaap Tikka,veg,240,Smoky soya chaap on the skewer,Soya Chaap | Yogurt | Spices,yes,,https://images.unsplash.com/photo-1551183053-bf91a1d81141?w=400&h=300&fit=crop,active
tandoor-kebabs,Veg Seekh Kebab,veg,230,Minced vegetable kebabs off the skewer,Mixed Vegetables | Potato | Spices,,,https://images.unsplash.com/photo-1546039907-7fa05f864c02?w=400&h=300&fit=crop,active
tandoor-kebabs,Tandoori Platter Veg,veg,520,"Paneer tikka, mushroom, chaap and veg seekh",Paneer | Mushroom | Soya Chaap | Veg Seekh,yes,,https://images.unsplash.com/photo-1527477396000-e27163b481c2?w=400&h=300&fit=crop,active
tandoor-kebabs,Tandoori Platter Non-Veg,non-veg,690,"Chicken tikka, seekh, tangdi and fish tikka",Chicken | Mutton Seekh | Fish | Spices,yes,yes,https://images.unsplash.com/photo-1552566626-52f8b828add9?w=400&h=300&fit=crop,active
tandoor-kebabs,Afghani Chaap,veg,250,Creamy white-marinated soya chaap,Soya Chaap | Cream | Cashew | Pepper,,,https://images.unsplash.com/photo-1414235077428-338989a2e8c0?w=400&h=300&fit=crop,active
main-course,Paneer Butter Masala,veg,300,Paneer in silky tomato-butter gravy,Paneer | Tomato | Butter | Cream | Fenugreek,,yes,https://images.unsplash.com/photo-1517248135467-4c7edcad34c4?w=400&h=300&fit=crop,active
main-course,Kadai Paneer,veg,300,Paneer with peppers in coarse kadai masala,Paneer | Capsicum | Onion | Kadai Masala,yes,,https://images.unsplash.com/photo-1577219491135-ce391730fb2c?w=400&h=300&fit=crop,active
main-course,Palak Paneer,veg,280,Paneer simmered in garlicky spinach,Paneer | Spinach | Garlic | Cream,,,https://images.unsplash.com/photo-1519671482749-fd09be7ccebf?w=400&h=300&fit=crop,active
main-course,Shahi Paneer,veg,310,Royal cashew-cream paneer gravy,Paneer | Cashew | Cream | Saffron,,,https://images.unsplash.com/photo-1530103862676-de8c9debad1d?w=400&h=300&fit=crop,active
main-course,Matar Paneer,veg,270,Homestyle peas and paneer curry,Paneer | Green Peas | Tomato | Spices,,,https://images.unsplash.com/photo-1464366400600-7168b8af9bc3?w=400&h=300&fit=crop,active
main-course,Malai Kofta,veg,310,Fried paneer-potato dumplings in creamy gravy,Paneer | Potato | Cashew | Cream,,,https://images.unsplash.com/photo-1567188040759-fb8a883dc6d8?w=400&h=300&fit=crop,active
main-course,Veg Kolhapuri,veg,270,Fiery mixed-vegetable Kolhapuri,Mixed Vegetables | Kolhapuri Masala | Coconut,yes,,https://images.unsplash.com/photo-1603894584373-5ac82b2ae398?w=400&h=300&fit=crop,active
main-course,Veg Jalfrezi,veg,260,Stir-fried vegetables in tangy tomato masala,Mixed Vegetables | Tomato | Capsicum,yes,,https://images.unsplash.com/photo-1631452180519-c014fe946bc7?w=400&h=300&fit=crop,active
main-course,Aloo Gobi,veg,230,Homestyle potato and cauliflower,Potato | Cauliflower | Turmeric | Cumin,,,https://images.unsplash.com/photo-1565299624946-b28f40a0ae38?w=400&h=300&fit=crop,active
main-course,Bhindi Masala,veg,240,Crisp okra tossed in onion masala,Okra | Onion | Tomato | Spices,,,https://images.unsplash.com/photo-1551183053-bf91a1d81141?w=400&h=300&fit=crop,active
main-course,Chana Masala,veg,240,Punjabi chickpea curry,Chickpeas | Onion | Tomato | Chana Masala,yes,,https://images.unsplash.com/photo-1546039907-7fa05f864c02?w=400&h=300&fit=crop,active
main-course,Rajma,veg,240,Slow-cooked kidney beans in tomato gravy,Kidney Beans | Tomato | Onion | Spices,,,https://images.unsplash.com/photo-1527477396000-e27163b481c2?w=400&h=300&fit=crop,active
main-course,Dal Tadka,veg,220,Yellow dal finished with ghee tempering,Toor Dal | Ghee | Garlic | Cumin,,,https://images.unsplash.com/photo-1552566626-52f8b828add9?w=400&h=300&fit=crop,active
main-course,Kaju Curry,veg,340,Cashews in rich creamy gravy,Cashew | Cream | Tomato | Spices,,,https://images.unsplash.com/photo-1414235077428-338989a2e8c0?w=400&h=300&fit=crop,active
main-course,Mushroom Masala,veg,280,Button mushrooms in onion-tomato masala,Mushroom | Onion | Tomato | Spices,,,https://images.unsplash.com/photo-1517248135467-4c7edcad34c4?w=400&h=300&fit=crop,active
main-course,Soya Chaap Masala,veg,270,Chaap simmered in punchy masala gravy,Soya Chaap | Onion | Tomato | Spices,yes,,https://images.unsplash.com/photo-1577219491135-ce391730fb2c?w=400&h=300&fit=crop,active
main-course,Chicken Tikka Masala,non-veg,360,Char-grilled tikka in spiced tomato gravy,Chicken Tikka | Tomato | Cream | Spices,yes,yes,https://images.unsplash.com/photo-1519671482749-fd09be7ccebf?w=400&h=300&fit=crop,active
main-course,Kadai Chicken,non-veg,350,Chicken with peppers in coarse kadai masala,Chicken | Capsicum | Onion | Kadai Masala,yes,,https://images.unsplash.com/photo-1530103862676-de8c9debad1d?w=400&h=300&fit=crop,active
main-course,Chicken Curry Homestyle,non-veg,330,The Sunday-house chicken curry,Chicken | Onion | Tomato | Whole Spices,yes,,https://images.unsplash.com/photo-1464366400600-7168b8af9bc3?w=400&h=300&fit=crop,active
main-course,Chicken Korma,non-veg,360,"Mild, nutty Mughlai chicken korma",Chicken | Cashew | Cream | Cardamom,,,https://images.unsplash.com/photo-1567188040759-fb8a883dc6d8?w=400&h=300&fit=crop,active
main-course,Chicken Rara,non-veg,380,Chicken curry enriched with keema,Chicken | Chicken Mince | Onion | Spices,yes,,https://images.unsplash.com/photo-1603894584373-5ac82b2ae398?w=400&h=300&fit=crop,active
main-course,Mutton Rogan Josh,non-veg,450,Kashmiri slow-braised mutton,Mutton | Kashmiri Chilli | Yogurt | Fennel,yes,,https://images.unsplash.com/photo-1631452180519-c014fe946bc7?w=400&h=300&fit=crop,active
main-course,Mutton Curry,non-veg,430,Homestyle mutton in onion-tomato gravy,Mutton | Onion | Tomato | Whole Spices,yes,,https://images.unsplash.com/photo-1565299624946-b28f40a0ae38?w=400&h=300&fit=crop,active
main-course,Egg Curry,non-veg,240,Boiled eggs in spiced onion gravy,Egg | Onion | Tomato | Spices,yes,,https://images.unsplash.com/photo-1551183053-bf91a1d81141?w=400&h=300&fit=crop,active
main-course,Prawn Masala,non-veg,440,Prawns in coastal-style masala,Prawns | Onion | Tomato | Coconut,yes,,https://images.unsplash.com/photo-1546039907-7fa05f864c02?w=400&h=300&fit=crop,active
main-course,Butter Chicken Boneless,non-veg,380,"Our signature makhani, all-boneless cut",Chicken | Tomato | Butter | Cream | Fenugreek,,,https://images.unsplash.com/photo-1527477396000-e27163b481c2?w=400&h=300&fit=crop,active
biryani-rice,Veg Dum Biryani,veg,280,"Layered vegetable biryani, dum-cooked 90 minutes",Basmati | Mixed Vegetables | Saffron | Biryani Masala,yes,,https://images.unsplash.com/photo-1552566626-52f8b828add9?w=400&h=300&fit=crop,active
biryani-rice,Paneer Tikka Biryani,veg,320,Smoky paneer tikka layered with saffron rice,Basmati | Paneer Tikka | Saffron | Mint,yes,,https://images.unsplash.com/photo-1414235077428-338989a2e8c0?w=400&h=300&fit=crop,active
biryani-rice,Hyderabadi Chicken Biryani,non-veg,360,The classic dum biryani with raita,Basmati | Chicken | Saffron | Fried Onion,yes,yes,https://images.unsplash.com/photo-1517248135467-4c7edcad34c4?w=400&h=300&fit=crop,active
biryani-rice,Chicken Tikka Biryani,non-veg,380,Char-grilled tikka layered in dum rice,Basmati | Chicken Tikka | Saffron | Mint,yes,,https://images.unsplash.com/photo-1577219491135-ce391730fb2c?w=400&h=300&fit=crop,active
biryani-rice,Mutton Biryani,non-veg,450,Slow dum mutton biryani,Basmati | Mutton | Saffron | Biryani Masala,yes,,https://images.unsplash.com/photo-1519671482749-fd09be7ccebf?w=400&h=300&fit=crop,active
biryani-rice,Egg Biryani,non-veg,260,Dum biryani with masala-tossed eggs,Basmati | Egg | Saffron | Spices,yes,,https://images.unsplash.com/photo-1530103862676-de8c9debad1d?w=400&h=300&fit=crop,active
biryani-rice,Prawn Biryani,non-veg,440,Coastal prawn biryani,Basmati | Prawns | Saffron | Spices,yes,,https://images.unsplash.com/photo-1464366400600-7168b8af9bc3?w=400&h=300&fit=crop,active
biryani-rice,Jeera Rice,veg,180,Basmati tossed with ghee-roasted cumin,Basmati | Cumin | Ghee,,,https://images.unsplash.com/photo-1567188040759-fb8a883dc6d8?w=400&h=300&fit=crop,active
biryani-rice,Steamed Rice,veg,150,Plain steamed basmati,Basmati,,,https://images.unsplash.com/photo-1603894584373-5ac82b2ae398?w=400&h=300&fit=crop,active
biryani-rice,Veg Pulao,veg,220,Fragrant vegetable pulao,Basmati | Vegetables | Whole Spices,,,https://images.unsplash.com/photo-1631452180519-c014fe946bc7?w=400&h=300&fit=crop,active
biryani-rice,Kashmiri Pulao,veg,260,Sweet saffron pulao with fruit and nuts,Basmati | Saffron | Dry Fruits,,,https://images.unsplash.com/photo-1565299624946-b28f40a0ae38?w=400&h=300&fit=crop,active
biryani-rice,Curd Rice,veg,180,Cooling tempered curd rice,Rice | Curd | Mustard Seeds | Curry Leaves,,,https://images.unsplash.com/photo-1551183053-bf91a1d81141?w=400&h=300&fit=crop,active
biryani-rice,Dal Khichdi,veg,220,Comforting dal-rice khichdi with ghee,Rice | Moong Dal | Ghee | Cumin,,,https://images.unsplash.com/photo-1546039907-7fa05f864c02?w=400&h=300&fit=crop,active
biryani-rice,Chicken Fried Rice (Desi),non-veg,280,Wok rice with chicken and desi tadka,Rice | Chicken | Onion | Spices,yes,,https://images.unsplash.com/photo-1527477396000-e27163b481c2?w=400&h=300&fit=crop,active
biryani-rice,Ghee Rice,veg,200,Basmati in whole-spice ghee,Basmati | Ghee | Whole Spices,,,https://images.unsplash.com/photo-1552566626-52f8b828add9?w=400&h=300&fit=crop,active
biryani-rice,Lemon Rice,veg,190,Tangy South-style lemon rice,Rice | Lemon | Peanuts | Curry Leaves,,,https://images.unsplash.com/photo-1414235077428-338989a2e8c0?w=400&h=300&fit=crop,active
breads,Tandoori Roti,veg,35,Whole-wheat roti off the tandoor,Wheat Flour,,,https://images.unsplash.com/photo-1517248135467-4c7edcad34c4?w=400&h=300&fit=crop,active
breads,Butter Roti,veg,45,Tandoori roti brushed with butter,Wheat Flour | Butter,,,https://images.unsplash.com/photo-1577219491135-ce391730fb2c?w=400&h=300&fit=crop,active
breads,Plain Naan,veg,55,Classic leavened naan,Refined Flour | Yogurt,,,https://images.unsplash.com/photo-1519671482749-fd09be7ccebf?w=400&h=300&fit=crop,active
breads,Butter Naan,veg,65,Naan brushed with melting butter,Refined Flour | Butter,,,https://images.unsplash.com/photo-1530103862676-de8c9debad1d?w=400&h=300&fit=crop,active
breads,Garlic Naan,veg,80,Naan crusted with garlic and coriander,Refined Flour | Garlic | Coriander,,yes,https://images.unsplash.com/photo-1464366400600-7168b8af9bc3?w=400&h=300&fit=crop,active
breads,Cheese Naan,veg,110,Naan stuffed with molten cheese,Refined Flour | Cheese,,,https://images.unsplash.com/photo-1567188040759-fb8a883dc6d8?w=400&h=300&fit=crop,active
breads,Cheese Garlic Naan,veg,130,Garlic naan with a cheese heart,Refined Flour | Cheese | Garlic,,,https://images.unsplash.com/photo-1603894584373-5ac82b2ae398?w=400&h=300&fit=crop,active
breads,Laccha Paratha,veg,70,Flaky layered whole-wheat paratha,Wheat Flour | Ghee,,,https://images.unsplash.com/photo-1631452180519-c014fe946bc7?w=400&h=300&fit=crop,active
breads,Pudina Paratha,veg,80,Mint-dusted laccha paratha,Wheat Flour | Mint | Ghee,,,https://images.unsplash.com/photo-1565299624946-b28f40a0ae38?w=400&h=300&fit=crop,active
breads,Aloo Paratha,veg,120,Spiced-potato stuffed paratha with curd,Wheat Flour | Potato | Curd | Butter,,,https://images.unsplash.com/photo-1551183053-bf91a1d81141?w=400&h=300&fit=crop,active
breads,Paneer Paratha,veg,150,Paneer-stuffed paratha with butter,Wheat Flour | Paneer | Butter,,,https://images.unsplash.com/photo-1546039907-7fa05f864c02?w=400&h=300&fit=crop,active
breads,Missi Roti,veg,60,Gram-flour roti with ajwain,Gram Flour | Wheat Flour | Ajwain,,,https://images.unsplash.com/photo-1527477396000-e27163b481c2?w=400&h=300&fit=crop,active
breads,Roomali Roti,veg,50,Paper-thin handkerchief roti,Refined Flour,,,https://images.unsplash.com/photo-1552566626-52f8b828add9?w=400&h=300&fit=crop,active
breads,Kulcha Amritsari,veg,140,Stuffed Amritsari kulcha with chole,Refined Flour | Potato | Chole,yes,,https://images.unsplash.com/photo-1414235077428-338989a2e8c0?w=400&h=300&fit=crop,active
indo-chinese,Veg Hakka Noodles,veg,220,Wok-tossed noodles with crunchy vegetables,Noodles | Cabbage | Carrot | Soy,,,https://images.unsplash.com/photo-1517248135467-4c7edcad34c4?w=400&h=300&fit=crop,active
indo-chinese,Veg Schezwan Noodles,veg,240,Fiery schezwan noodles,Noodles | Schezwan Sauce | Vegetables,yes,,https://images.unsplash.com/photo-1577219491135-ce391730fb2c?w=400&h=300&fit=crop,active
indo-chinese,Chicken Hakka Noodles,non-veg,260,Hakka noodles with shredded chicken,Noodles | Chicken | Vegetables | Soy,,,https://images.unsplash.com/photo-1519671482749-fd09be7ccebf?w=400&h=300&fit=crop,active
indo-chinese,Chicken Schezwan Noodles,non-veg,280,Fiery schezwan chicken noodles,Noodles | Chicken | Schezwan Sauce,yes,,https://images.unsplash.com/photo-1530103862676-de8c9debad1d?w=400&h=300&fit=crop,active
indo-chinese,Veg Fried Rice,veg,220,Classic wok-fried rice,Rice | Vegetables | Soy | Spring Onion,,,https://images.unsplash.com/photo-1464366400600-7168b8af9bc3?w=400&h=300&fit=crop,active
indo-chinese,Schezwan Fried Rice,veg,240,Chilli-garlic fried rice,Rice | Schezwan Sauce | Vegetables,yes,,https://images.unsplash.com/photo-1567188040759-fb8a883dc6d8?w=400&h=300&fit=crop,active
indo-chinese,Chicken Fried Rice,non-veg,260,Wok rice with egg and chicken,Rice | Chicken | Egg | Soy,,,https://images.unsplash.com/photo-1603894584373-5ac82b2ae398?w=400&h=300&fit=crop,active
indo-chinese,Triple Schezwan Rice,veg,320,"Rice, noodles and gravy — the full triple",Rice | Noodles | Schezwan Gravy | Vegetables,yes,,https://images.unsplash.com/photo-1631452180519-c014fe946bc7?w=400&h=300&fit=crop,active
indo-chinese,Veg Manchurian Gravy,veg,240,Vegetable dumplings in soy-garlic gravy,Vegetable Balls | Garlic | Soy Gravy,yes,,https://images.unsplash.com/photo-1565299624946-b28f40a0ae38?w=400&h=300&fit=crop,active
indo-chinese,Chicken Manchurian,non-veg,290,Chicken dumplings in classic Manchurian gravy,Chicken | Garlic | Soy Gravy,yes,,https://images.unsplash.com/photo-1551183053-bf91a1d81141?w=400&h=300&fit=crop,active
indo-chinese,Chilli Paneer Gravy,veg,270,Chilli paneer in glossy gravy,Paneer | Capsicum | Chilli Gravy,yes,,https://images.unsplash.com/photo-1546039907-7fa05f864c02?w=400&h=300&fit=crop,active
indo-chinese,Chilli Chicken Gravy,non-veg,310,Chilli chicken in glossy gravy,Chicken | Capsicum | Chilli Gravy,yes,,https://images.unsplash.com/photo-1527477396000-e27163b481c2?w=400&h=300&fit=crop,active
indo-chinese,Chilli Garlic Noodles,veg,250,Burnt-garlic chilli noodles,Noodles | Garlic | Chilli Oil,yes,,https://images.unsplash.com/photo-1552566626-52f8b828add9?w=400&h=300&fit=crop,active
indo-chinese,Chilli Mushroom,veg,260,Crisp mushrooms in chilli toss,Mushroom | Capsicum | Chilli Sauce,yes,,https://images.unsplash.com/photo-1414235077428-338989a2e8c0?w=400&h=300&fit=crop,active
indo-chinese,Paneer Fried Rice,veg,250,Fried rice studded with paneer,Rice | Paneer | Vegetables,,,https://images.unsplash.com/photo-1517248135467-4c7edcad34c4?w=400&h=300&fit=crop,active
indo-chinese,Egg Fried Rice,non-veg,230,Wok rice with scrambled egg,Rice | Egg | Spring Onion,,,https://images.unsplash.com/photo-1577219491135-ce391730fb2c?w=400&h=300&fit=crop,active
indo-chinese,American Chopsuey,veg,280,Crispy noodles under sweet-tangy sauce,Fried Noodles | Vegetables | Tomato Sauce,,,https://images.unsplash.com/photo-1519671482749-fd09be7ccebf?w=400&h=300&fit=crop,active
indo-chinese,Chicken Chopsuey,non-veg,320,Crispy noodles with chicken chopsuey,Fried Noodles | Chicken | Tomato Sauce,,,https://images.unsplash.com/photo-1530103862676-de8c9debad1d?w=400&h=300&fit=crop,active
indo-chinese,Honey Chilli Cauliflower,veg,240,Crispy gobi in honey-chilli glaze,Cauliflower | Honey | Chilli | Sesame,yes,,https://images.unsplash.com/photo-1464366400600-7168b8af9bc3?w=400&h=300&fit=crop,active
indo-chinese,Burnt Garlic Fried Rice,veg,250,Smoky burnt-garlic rice,Rice | Burnt Garlic | Spring Onion,,,https://images.unsplash.com/photo-1567188040759-fb8a883dc6d8?w=400&h=300&fit=crop,active
pizza,Corn & Cheese Pizza,veg,329,Sweet corn under a blanket of mozzarella,Sweet Corn | Mozzarella | Tomato Sauce,,,https://images.unsplash.com/photo-1603894584373-5ac82b2ae398?w=400&h=300&fit=crop,active
pizza,Paneer Tikka Pizza,veg,399,Smoky paneer tikka with onion and capsicum,Paneer Tikka | Onion | Capsicum | Mozzarella,yes,,https://images.unsplash.com/photo-1631452180519-c014fe946bc7?w=400&h=300&fit=crop,active
pizza,Veggie Supreme Pizza,veg,419,Loaded garden vegetables and olives,Peppers | Olives | Onion | Mushroom | Corn,,,https://images.unsplash.com/photo-1565299624946-b28f40a0ae38?w=400&h=300&fit=crop,active
pizza,Mushroom Truffle Pizza,veg,449,Wood-fired mushroom with truffle oil,Mushroom | Truffle Oil | Mozzarella | Thyme,,,https://images.unsplash.com/photo-1551183053-bf91a1d81141?w=400&h=300&fit=crop,active
pizza,Peri Peri Paneer Pizza,veg,419,Peri-peri paneer with jalapeños,Paneer | Peri Peri | Jalapeños | Mozzarella,yes,,https://images.unsplash.com/photo-1546039907-7fa05f864c02?w=400&h=300&fit=crop,active
pizza,Quattro Formaggi,veg,479,Four-cheese wood-fired classic,Mozzarella | Cheddar | Parmesan | Blue Cheese,,,https://images.unsplash.com/photo-1527477396000-e27163b481c2?w=400&h=300&fit=crop,active
pizza,Basil Pesto Pizza,veg,429,Fresh pesto base with cherry tomatoes,Basil Pesto | Cherry Tomato | Mozzarella,,,https://images.unsplash.com/photo-1552566626-52f8b828add9?w=400&h=300&fit=crop,active
pizza,BBQ Chicken Pizza,non-veg,459,Smoky BBQ chicken with onions,BBQ Chicken | Onion | Mozzarella,,,https://images.unsplash.com/photo-1414235077428-338989a2e8c0?w=400&h=300&fit=crop,active
pizza,Chicken Sausage Pizza,non-veg,439,Chicken sausage with peppers,Chicken Sausage | Peppers | Mozzarella,,,https://images.unsplash.com/photo-1517248135467-4c7edcad34c4?w=400&h=300&fit=crop,active
pizza,Butter Chicken Pizza,non-veg,469,"Our makhani, on a wood-fired crust",Butter Chicken | Onion | Coriander | Mozzarella,,yes,https://images.unsplash.com/photo-1577219491135-ce391730fb2c?w=400&h=300&fit=crop,active
pizza,Keema Pizza,non-veg,479,Spiced mutton keema with onions,Mutton Keema | Onion | Chilli | Mozzarella,yes,,https://images.unsplash.com/photo-1519671482749-fd09be7ccebf?w=400&h=300&fit=crop,active
pizza,Peri Peri Chicken Pizza,non-veg,459,Fiery peri-peri chicken,Peri Peri Chicken | Jalapeños | Mozzarella,yes,,https://images.unsplash.com/photo-1530103862676-de8c9debad1d?w=400&h=300&fit=crop,active
pizza,Margherita Burrata,veg,499,Margherita crowned with fresh burrata,Burrata | Tomato | Basil,,,https://images.unsplash.com/photo-1464366400600-7168b8af9bc3?w=400&h=300&fit=crop,active
pizza,Garlic Cheese Pizza Bread,veg,259,Wood-fired cheesy garlic flatbread,Garlic Butter | Mozzarella | Herbs,,,https://images.unsplash.com/photo-1567188040759-fb8a883dc6d8?w=400&h=300&fit=crop,active
burgers,Crispy Paneer Burger,veg,260,Crumb-fried paneer with mint mayo,Paneer | Mint Mayo | Lettuce | Bun,,,https://images.unsplash.com/photo-1603894584373-5ac82b2ae398?w=400&h=300&fit=crop,active
burgers,Aloo Tikki Burger,veg,180,Spiced potato tikki with tangy sauces,Potato Tikki | Onion | Sauces | Bun,yes,,https://images.unsplash.com/photo-1631452180519-c014fe946bc7?w=400&h=300&fit=crop,active
burgers,Mushroom Swiss Burger,veg,290,Sautéed mushrooms with melted cheese,Mushroom | Cheese | Caramelised Onion | Bun,,,https://images.unsplash.com/photo-1565299624946-b28f40a0ae38?w=400&h=300&fit=crop,active
burgers,Peri Peri Veg Burger,veg,250,Peri-peri veg patty with jalapeños,Veg Patty | Peri Peri | Jalapeños | Bun,yes,,https://images.unsplash.com/photo-1551183053-bf91a1d81141?w=400&h=300&fit=crop,active
burgers,Cheesy Corn Burger,veg,240,Corn-cheese patty with garlic mayo,Corn | Cheese | Garlic Mayo | Bun,,,https://images.unsplash.com/photo-1546039907-7fa05f864c02?w=400&h=300&fit=crop,active
burgers,Fried Chicken Burger,non-veg,300,Crunchy fried chicken thigh with slaw,Fried Chicken | Slaw | Mayo | Bun,,yes,https://images.unsplash.com/photo-1527477396000-e27163b481c2?w=400&h=300&fit=crop,active
burgers,Peri Peri Chicken Burger,non-veg,320,Flame-grilled peri-peri chicken,Chicken | Peri Peri | Lettuce | Bun,yes,,https://images.unsplash.com/photo-1552566626-52f8b828add9?w=400&h=300&fit=crop,active
burgers,BBQ Chicken Burger,non-veg,320,BBQ-glazed chicken with onion rings,Chicken | BBQ Sauce | Onion Rings | Bun,,,https://images.unsplash.com/photo-1414235077428-338989a2e8c0?w=400&h=300&fit=crop,active
burgers,Egg Burger,non-veg,180,Fried-egg burger with cheese,Egg | Cheese | Lettuce | Bun,,,https://images.unsplash.com/photo-1517248135467-4c7edcad34c4?w=400&h=300&fit=crop,active
burgers,Double Chicken Stack,non-veg,420,"Two chicken patties, double cheese",Chicken x2 | Cheese x2 | Sauces | Bun,,,https://images.unsplash.com/photo-1577219491135-ce391730fb2c?w=400&h=300&fit=crop,active
pasta,Mac & Cheese,veg,290,Baked macaroni in triple-cheese sauce,Macaroni | Cheddar | Mozzarella | Cream,,,https://images.unsplash.com/photo-1519671482749-fd09be7ccebf?w=400&h=300&fit=crop,active
pasta,Rosé Pasta (Pink Sauce),veg,300,Penne in creamy tomato rosé,Penne | Tomato | Cream | Parmesan,,,https://images.unsplash.com/photo-1530103862676-de8c9debad1d?w=400&h=300&fit=crop,active
pasta,Aglio e Olio,veg,270,"Garlic, olive oil and chilli flakes",Spaghetti | Garlic | Olive Oil | Chilli Flakes,yes,,https://images.unsplash.com/photo-1464366400600-7168b8af9bc3?w=400&h=300&fit=crop,active
pasta,Mushroom Alfredo,veg,310,Creamy alfredo loaded with mushrooms,Fettuccine | Mushroom | Cream | Parmesan,,,https://images.unsplash.com/photo-1567188040759-fb8a883dc6d8?w=400&h=300&fit=crop,active
pasta,Baked Veg Lasagna,veg,360,"Layered vegetable lasagna, oven-baked",Lasagna Sheets | Vegetables | Bechamel | Cheese,,,https://images.unsplash.com/photo-1603894584373-5ac82b2ae398?w=400&h=300&fit=crop,active
pasta,Chicken Alfredo,non-veg,350,Alfredo with grilled chicken,Fettuccine | Chicken | Cream | Parmesan,,,https://images.unsplash.com/photo-1631452180519-c014fe946bc7?w=400&h=300&fit=crop,active
pasta,Chicken Arrabbiata,non-veg,330,Spicy tomato pasta with chicken,Penne | Chicken | Arrabbiata Sauce,yes,,https://images.unsplash.com/photo-1565299624946-b28f40a0ae38?w=400&h=300&fit=crop,active
pasta,Chicken Lasagna,non-veg,420,Classic baked chicken lasagna,Lasagna Sheets | Chicken | Bechamel | Cheese,,,https://images.unsplash.com/photo-1551183053-bf91a1d81141?w=400&h=300&fit=crop,active
pasta,Spaghetti & Meatballs,non-veg,390,Chicken meatballs in marinara,Spaghetti | Chicken Meatballs | Marinara,,,https://images.unsplash.com/photo-1546039907-7fa05f864c02?w=400&h=300&fit=crop,active
pasta,Prawn Aglio e Olio,non-veg,420,Garlic-oil spaghetti with prawns,Spaghetti | Prawns | Garlic | Chilli Flakes,yes,,https://images.unsplash.com/photo-1527477396000-e27163b481c2?w=400&h=300&fit=crop,active
sandwiches-wraps,Veg Club Sandwich,veg,220,Triple-decker with veggies and cheese,Bread | Vegetables | Cheese | Mayo,,,https://images.unsplash.com/photo-1552566626-52f8b828add9?w=400&h=300&fit=crop,active
sandwiches-wraps,Grilled Cheese Sandwich,veg,180,Buttery grilled three-cheese melt,Bread | Cheddar | Mozzarella | Butter,,,https://images.unsplash.com/photo-1414235077428-338989a2e8c0?w=400&h=300&fit=crop,active
sandwiches-wraps,Bombay Masala Toast,veg,150,Street-style potato masala toast,Bread | Potato Masala | Green Chutney,yes,,https://images.unsplash.com/photo-1517248135467-4c7edcad34c4?w=400&h=300&fit=crop,active
sandwiches-wraps,Paneer Tikka Sandwich,veg,230,Smoky paneer tikka grilled sandwich,Bread | Paneer Tikka | Onion | Mint Mayo,yes,,https://images.unsplash.com/photo-1577219491135-ce391730fb2c?w=400&h=300&fit=crop,active
sandwiches-wraps,Corn Spinach Sandwich,veg,200,Creamed corn and spinach melt,Bread | Corn | Spinach | Cheese,,,https://images.unsplash.com/photo-1519671482749-fd09be7ccebf?w=400&h=300&fit=crop,active
sandwiches-wraps,Chicken Club Sandwich,non-veg,280,"Triple-decker chicken, egg and cheese",Bread | Chicken | Egg | Cheese,,,https://images.unsplash.com/photo-1530103862676-de8c9debad1d?w=400&h=300&fit=crop,active
sandwiches-wraps,Grilled Chicken Sandwich,non-veg,260,Char-grilled chicken with herb mayo,Bread | Chicken | Herb Mayo | Lettuce,,,https://images.unsplash.com/photo-1464366400600-7168b8af9bc3?w=400&h=300&fit=crop,active
sandwiches-wraps,Egg Cheese Sandwich,non-veg,180,Fluffy egg and cheese grill,Bread | Egg | Cheese,,,https://images.unsplash.com/photo-1567188040759-fb8a883dc6d8?w=400&h=300&fit=crop,active
sandwiches-wraps,Paneer Kathi Roll,veg,220,Paneer tikka rolled in laccha paratha,Paratha | Paneer Tikka | Onion | Chutney,yes,,https://images.unsplash.com/photo-1603894584373-5ac82b2ae398?w=400&h=300&fit=crop,active
sandwiches-wraps,Chicken Kathi Roll,non-veg,260,Chicken tikka kathi roll,Paratha | Chicken Tikka | Onion | Chutney,yes,yes,https://images.unsplash.com/photo-1631452180519-c014fe946bc7?w=400&h=300&fit=crop,active
sandwiches-wraps,Egg Roll,non-veg,180,Kolkata-style egg roll,Paratha | Egg | Onion | Sauce,,,https://images.unsplash.com/photo-1565299624946-b28f40a0ae38?w=400&h=300&fit=crop,active
sandwiches-wraps,Falafel Wrap,veg,240,Falafel with hummus and pickled veg,Tortilla | Falafel | Hummus | Pickles,,,https://images.unsplash.com/photo-1551183053-bf91a1d81141?w=400&h=300&fit=crop,active
sandwiches-wraps,Peri Peri Chicken Wrap,non-veg,280,Fiery peri-peri chicken wrap,Tortilla | Chicken | Peri Peri | Slaw,yes,,https://images.unsplash.com/photo-1546039907-7fa05f864c02?w=400&h=300&fit=crop,active
sandwiches-wraps,Schezwan Paneer Wrap,veg,240,Chilli-garlic paneer wrap,Tortilla | Paneer | Schezwan | Onion,yes,,https://images.unsplash.com/photo-1527477396000-e27163b481c2?w=400&h=300&fit=crop,active
south-indian,Plain Dosa,veg,120,Crisp golden rice-lentil crepe,Rice Batter | Urad Dal,,,https://images.unsplash.com/photo-1552566626-52f8b828add9?w=400&h=300&fit=crop,active
south-indian,Masala Dosa,veg,150,Dosa with spiced potato filling,Rice Batter | Potato Masala | Chutney | Sambar,,yes,https://images.unsplash.com/photo-1414235077428-338989a2e8c0?w=400&h=300&fit=crop,active
south-indian,Mysore Masala Dosa,veg,180,Red-chutney smeared masala dosa,Rice Batter | Mysore Chutney | Potato,yes,,https://images.unsplash.com/photo-1517248135467-4c7edcad34c4?w=400&h=300&fit=crop,active
south-indian,Cheese Dosa,veg,180,Dosa layered with molten cheese,Rice Batter | Cheese,,,https://images.unsplash.com/photo-1577219491135-ce391730fb2c?w=400&h=300&fit=crop,active
south-indian,Rava Dosa,veg,160,Lacy crisp semolina dosa,Semolina | Onion | Green Chilli,,,https://images.unsplash.com/photo-1519671482749-fd09be7ccebf?w=400&h=300&fit=crop,active
south-indian,Idli Sambar (2 pc),veg,110,Steamed idlis with sambar and chutney,Idli | Sambar | Coconut Chutney,,,https://images.unsplash.com/photo-1530103862676-de8c9debad1d?w=400&h=300&fit=crop,active
south-indian,Medu Vada (2 pc),veg,120,Crisp lentil doughnuts with sambar,Urad Dal | Curry Leaves | Sambar,,,https://images.unsplash.com/photo-1464366400600-7168b8af9bc3?w=400&h=300&fit=crop,active
south-indian,Uttapam Onion,veg,150,Thick onion-topped uttapam,Rice Batter | Onion | Chilli,,,https://images.unsplash.com/photo-1567188040759-fb8a883dc6d8?w=400&h=300&fit=crop,active
south-indian,Uttapam Mixed Veg,veg,170,Uttapam loaded with vegetables,Rice Batter | Vegetables,,,https://images.unsplash.com/photo-1603894584373-5ac82b2ae398?w=400&h=300&fit=crop,active
south-indian,Upma,veg,110,Soft semolina upma with cashews,Semolina | Cashew | Curry Leaves,,,https://images.unsplash.com/photo-1631452180519-c014fe946bc7?w=400&h=300&fit=crop,active
south-indian,Pongal,veg,130,Comforting ghee pongal with pepper,Rice | Moong Dal | Ghee | Pepper,,,https://images.unsplash.com/photo-1565299624946-b28f40a0ae38?w=400&h=300&fit=crop,active
south-indian,Paneer Dosa,veg,190,Dosa stuffed with spiced paneer,Rice Batter | Paneer Bhurji,yes,,https://images.unsplash.com/photo-1551183053-bf91a1d81141?w=400&h=300&fit=crop,active
drinks,Fresh Lime Soda,veg,90,"Sweet, salted or mixed — your call",Lime | Soda | Sugar/Salt,,,https://images.unsplash.com/photo-1546039907-7fa05f864c02?w=400&h=300&fit=crop,active
drinks,Masala Chaas,veg,90,Spiced buttermilk with roasted cumin,Buttermilk | Cumin | Coriander,,,https://images.unsplash.com/photo-1527477396000-e27163b481c2?w=400&h=300&fit=crop,active
drinks,Sweet Lassi,veg,130,Thick Punjabi sweet lassi,Curd | Sugar | Cardamom,,,https://images.unsplash.com/photo-1552566626-52f8b828add9?w=400&h=300&fit=crop,active
drinks,Salted Lassi,veg,120,Lightly salted churned lassi,Curd | Salt | Cumin,,,https://images.unsplash.com/photo-1414235077428-338989a2e8c0?w=400&h=300&fit=crop,active
drinks,Watermelon Cooler,veg,140,Fresh watermelon with mint,Watermelon | Mint | Lime,,,https://images.unsplash.com/photo-1517248135467-4c7edcad34c4?w=400&h=300&fit=crop,active
drinks,Blue Lagoon,veg,160,Blue curaçao citrus fizz,Blue Curaçao Syrup | Lime | Soda,,,https://images.unsplash.com/photo-1577219491135-ce391730fb2c?w=400&h=300&fit=crop,active
drinks,Green Apple Fizz,veg,160,Crisp green-apple soda,Green Apple Syrup | Lime | Soda,,,https://images.unsplash.com/photo-1519671482749-fd09be7ccebf?w=400&h=300&fit=crop,active
drinks,Mojito Classic,veg,150,"Mint-lime mojito, the classic virgin",Mint | Lime | Soda | Sugar,,,https://images.unsplash.com/photo-1530103862676-de8c9debad1d?w=400&h=300&fit=crop,active
drinks,Strawberry Mojito,veg,170,Strawberry twist on the mojito,Strawberry | Mint | Lime | Soda,,,https://images.unsplash.com/photo-1464366400600-7168b8af9bc3?w=400&h=300&fit=crop,active
drinks,Iced Tea Lemon,veg,130,House-brewed lemon iced tea,Black Tea | Lemon | Sugar,,,https://images.unsplash.com/photo-1567188040759-fb8a883dc6d8?w=400&h=300&fit=crop,active
drinks,Iced Tea Peach,veg,140,Peach iced tea over ice,Black Tea | Peach | Sugar,,,https://images.unsplash.com/photo-1603894584373-5ac82b2ae398?w=400&h=300&fit=crop,active
drinks,Cold Brew Coffee,veg,180,Slow-steeped 18-hour cold brew,Arabica Coffee | Water,,,https://images.unsplash.com/photo-1631452180519-c014fe946bc7?w=400&h=300&fit=crop,active
drinks,Espresso,veg,110,Double-shot espresso,Arabica Coffee,,,https://images.unsplash.com/photo-1565299624946-b28f40a0ae38?w=400&h=300&fit=crop,active
drinks,Cappuccino,veg,150,Classic foamy cappuccino,Espresso | Steamed Milk | Foam,,,https://images.unsplash.com/photo-1551183053-bf91a1d81141?w=400&h=300&fit=crop,active
drinks,Hot Chocolate,veg,180,Belgian-style hot chocolate,Chocolate | Milk | Cream,,,https://images.unsplash.com/photo-1546039907-7fa05f864c02?w=400&h=300&fit=crop,active
drinks,Masala Chai,veg,80,Kadak spiced chai,Tea | Milk | Ginger | Cardamom,,,https://images.unsplash.com/photo-1527477396000-e27163b481c2?w=400&h=300&fit=crop,active
shakes,Oreo Shake,veg,200,Cookies-and-cream thick shake,Oreo | Ice Cream | Milk,,yes,https://images.unsplash.com/photo-1552566626-52f8b828add9?w=400&h=300&fit=crop,active
shakes,KitKat Shake,veg,210,Crunchy KitKat blended thick,KitKat | Ice Cream | Milk | Chocolate,,,https://images.unsplash.com/photo-1414235077428-338989a2e8c0?w=400&h=300&fit=crop,active
shakes,Brownie Shake,veg,230,Fudgy brownie blended shake,Brownie | Ice Cream | Milk | Chocolate,,,https://images.unsplash.com/photo-1517248135467-4c7edcad34c4?w=400&h=300&fit=crop,active
shakes,Strawberry Shake,veg,180,Fresh strawberry thick shake,Strawberry | Ice Cream | Milk,,,https://images.unsplash.com/photo-1577219491135-ce391730fb2c?w=400&h=300&fit=crop,active
shakes,Mango Shake,veg,180,Alphonso mango shake (seasonal),Mango | Ice Cream | Milk,,,https://images.unsplash.com/photo-1519671482749-fd09be7ccebf?w=400&h=300&fit=crop,active
shakes,Cold Coffee Crush,veg,170,Frappe-style blended cold coffee,Coffee | Ice Cream | Milk,,,https://images.unsplash.com/photo-1530103862676-de8c9debad1d?w=400&h=300&fit=crop,active
shakes,Nutella Shake,veg,230,Hazelnut-chocolate indulgence,Nutella | Ice Cream | Milk,,,https://images.unsplash.com/photo-1464366400600-7168b8af9bc3?w=400&h=300&fit=crop,active
shakes,Butterscotch Shake,veg,190,Crunchy butterscotch shake,Butterscotch | Ice Cream | Milk,,,https://images.unsplash.com/photo-1567188040759-fb8a883dc6d8?w=400&h=300&fit=crop,active
shakes,Blueberry Shake,veg,210,Blueberry compote thick shake,Blueberry | Ice Cream | Milk,,,https://images.unsplash.com/photo-1603894584373-5ac82b2ae398?w=400&h=300&fit=crop,active
shakes,Banana Peanut Shake,veg,190,Banana and peanut-butter protein hit,Banana | Peanut Butter | Milk,,,https://images.unsplash.com/photo-1631452180519-c014fe946bc7?w=400&h=300&fit=crop,active
shakes,Rose Falooda,veg,220,"Rose milk with vermicelli, basil seeds & ice cream",Rose Syrup | Vermicelli | Basil Seeds | Ice Cream,,,https://images.unsplash.com/photo-1565299624946-b28f40a0ae38?w=400&h=300&fit=crop,active
shakes,Thandai (Seasonal),veg,180,Chilled spiced-nut milk classic,Milk | Almond | Fennel | Saffron,,,https://images.unsplash.com/photo-1551183053-bf91a1d81141?w=400&h=300&fit=crop,active
desserts,Gajar Ka Halwa,veg,180,Slow-cooked carrot halwa with ghee and nuts,Carrot | Milk | Ghee | Dry Fruits,,,https://images.unsplash.com/photo-1546039907-7fa05f864c02?w=400&h=300&fit=crop,active
desserts,Rasmalai (2 pc),veg,160,Soft rasmalai in saffron milk,Chhena | Milk | Saffron | Cardamom,,,https://images.unsplash.com/photo-1527477396000-e27163b481c2?w=400&h=300&fit=crop,active
desserts,Moong Dal Halwa,veg,200,"Rich, slow-roasted moong dal halwa",Moong Dal | Ghee | Sugar | Nuts,,,https://images.unsplash.com/photo-1552566626-52f8b828add9?w=400&h=300&fit=crop,active
desserts,Sizzling Brownie,veg,260,Brownie on a sizzler with ice cream and chocolate,Brownie | Ice Cream | Chocolate Sauce,,yes,https://images.unsplash.com/photo-1414235077428-338989a2e8c0?w=400&h=300&fit=crop,active
desserts,Tiramisu,veg,280,Coffee-soaked mascarpone classic,Mascarpone | Coffee | Ladyfingers | Cocoa,,,https://images.unsplash.com/photo-1517248135467-4c7edcad34c4?w=400&h=300&fit=crop,active
desserts,Choco Lava Cake,veg,190,Molten-centre chocolate cake,Chocolate | Butter | Flour | Egg-free,,,https://images.unsplash.com/photo-1577219491135-ce391730fb2c?w=400&h=300&fit=crop,active
desserts,New York Cheesecake,veg,260,Baked classic with berry compote,Cream Cheese | Biscuit Base | Berry Compote,,,https://images.unsplash.com/photo-1519671482749-fd09be7ccebf?w=400&h=300&fit=crop,active
desserts,Kulfi Falooda,veg,200,Malai kulfi with falooda and rose,Kulfi | Vermicelli | Rose | Nuts,,,https://images.unsplash.com/photo-1530103862676-de8c9debad1d?w=400&h=300&fit=crop,active
desserts,Matka Kulfi,veg,150,Traditional earthen-pot kulfi,Milk | Cardamom | Pistachio,,,https://images.unsplash.com/photo-1464366400600-7168b8af9bc3?w=400&h=300&fit=crop,active
desserts,Fruit Custard,veg,160,Chilled custard with seasonal fruit,Custard | Seasonal Fruit,,,https://images.unsplash.com/photo-1567188040759-fb8a883dc6d8?w=400&h=300&fit=crop,active
desserts,Waffle with Ice Cream,veg,240,"Belgian waffle, ice cream, maple",Waffle | Ice Cream | Maple Syrup,,,https://images.unsplash.com/photo-1603894584373-5ac82b2ae398?w=400&h=300&fit=crop,active
desserts,Jalebi with Rabri,veg,190,Hot crisp jalebi over chilled rabri,Jalebi | Rabri | Saffron,,,https://images.unsplash.com/photo-1631452180519-c014fe946bc7?w=400&h=300&fit=crop,active
